Workbook

Sheet LIBERACION
G1: 1500 | H1: 1000 | I1: 500 | J1: 300 | K1: 250 | L1: 200 | M1: 150 | N1: 100 | O1: 75 | P1: 50 | Q1: 100 | R1: 50 | S1: 25 | T1: 10 | W1: =SUM(V:V) -> 3328220
A2: Timestamp | B2: TURNO | C2: OPERADOR | D2: PRODUCTO | E2: CALIBRE | F2: COLOR DEL PRODUCTO | G2: BOBINAS (1500m) | H2: BOBINAS (1000m) | I2: BOBINAS (500m) | J2: BOBINAS (300m) | K2: BOBINAS (250m) | L2: BOBINAS (200m) | M2: BOBINAS (150m) | N2: BOBINAS (100 m) | O2: BOBINAS (75m) | P2: BOBINAS (50 m) | Q2: ROLLO (100m) | R2: Tramos (50m) | S2: Tramos (25m) | T2: Tramos (10m) | U2: EXTENSIONES (3m-5m-10m) - CANTIDAD | V2: METROS | W2: PAIS [X] | X2: LOTE | Y2: FECHA
A3: 46174.334 | B3: N | C3: LUIS S, FREDDY CH | D3: CABLE THHW 7H | E3: 12 | F3: ROJO | Q3: 400 | V3: =SUMPRODUCT(G3:T3,$G$1:$T$1) -> 40000 | W3: COLOMBIA | X3: N/A | Y3: 46174
A4: 46174.336 | B4: N | C4: LUIS S, FREDDY CH | D4: CABLE THHW 7H | E4: 12 | F4: NEGRO | Q4: 400 | V4: =SUMPRODUCT(G4:T4,$G$1:$T$1) -> 40000 | W4: COLOMBIA | X4: N/A | Y4: 46174
A5: 46174.337 | B5: M | C5: JOEL S, JESSICA V | D5: GEMELO SPT | E5: 2X18 | F5: BLANCO | Q5: 185 | V5: =SUMPRODUCT(G5:T5,$G$1:$T$1) -> 18500 | W5: ECUADOR | X5: N/A | Y5: 46174
A6: 46174.339 | B6: M | C6: JOEL S, JESSICA V | D6: CABLE THHW 7H | E6: 12 | F6: NEGRO | Q6: 366 | V6: =SUMPRODUCT(G6:T6,$G$1:$T$1) -> 36600 | W6: COLOMBIA | X6: N/A | Y6: 46174
A7: 46174.34 | B7: M | C7: JOEL S, JESSICA V | D7: CABLE THHW 7H | E7: 12 | F7: ROJO | Q7: 400 | V7: =SUMPRODUCT(G7:T7,$G$1:$T$1) -> 40000 | W7: COLOMBIA | X7: N/A | Y7: 46174
A8: 46174.341 | B8: M | C8: JOEL S, JESSICA V | D8: CABLE THHW 7H | E8: 8 | F8: ROJO | I8: 5 | Q8: 41 | V8: =SUMPRODUCT(G8:T8,$G$1:$T$1) -> 6600 | W8: COLOMBIA | X8: N/A | Y8: 46174
A9: 46174.342 | B9: M | C9: JOEL S, JESSICA V | D9: CABLE THHW 7H | E9: 8 | F9: VERDE | Q9: 13 | S9: 4 | V9: =SUMPRODUCT(G9:T9,$G$1:$T$1) -> 1400 | W9: COLOMBIA | X9: N/A | Y9: 46174
A10: 46174.342 | B10: M | C10: JOEL S, JESSICA V | D10: CABLE THHW 7H | E10: 8 | F10: AZUL | I10: 8 | Q10: 8 | S10: 6 | V10: =SUMPRODUCT(G10:T10,$G$1:$T$1) -> 4950 | W10: COLOMBIA | X10: N/A | Y10: 46174
A11: 46174.343 | B11: M | C11: JOEL S, JESSICA V | D11: CABLE THHW 7H | E11: 8 | F11: NEGRO | I11: 14 | S11: 4 | V11: =SUMPRODUCT(G11:T11,$G$1:$T$1) -> 7100 | W11: COLOMBIA | X11: N/A | Y11: 46174
A12: 46174.344 | B12: M | C12: JOEL S, JUAN DIEGO S, JESSICA V | D12: CABLE THHW 7H | E12: 12 | F12: AZUL | Q12: 35 | V12: =SUMPRODUCT(G12:T12,$G$1:$T$1) -> 3500 | W12: COLOMBIA | X12: N/A | Y12: 46174
A13: 46174.345 | B13: M | C13: DIEGO Z, JESSICA V | D13: CABLE THHW 7H | E13: 8 | F13: BLANCO | I13: 20 | V13: =SUMPRODUCT(G13:T13,$G$1:$T$1) -> 10000 | W13: COLOMBIA | X13: N/A | Y13: 46174
A14: 46174.35 | B14: M | C14: JOEL S, JESSICA V | D14: GEMELO SPT | E14: 2X16 | F14: BLANCO | Q14: 219 | V14: =SUMPRODUCT(G14:T14,$G$1:$T$1) -> 21900 | W14: ECUADOR | X14: N/A | Y14: 46174
A15: 46174.351 | B15: M | C15: JOEL S, JESSICA V | D15: CABLE THHW 7H | E15: 12 | F15: BLANCO | Q15: 173 | S15: 11 | V15: =SUMPRODUCT(G15:T15,$G$1:$T$1) -> 17575 | W15: COLOMBIA | X15: N/A | Y15: 46174
A16: 46174.353 | B16: N | C16: LUIS S, FREDDY CH | D16: CABLE THHW 7H | E16: 12 | F16: NEGRO | Q16: 251 | S16: 5 | V16: =SUMPRODUCT(G16:T16,$G$1:$T$1) -> 25225 | W16: COLOMBIA | X16: N/A | Y16: 46174
A17: 46174.355 | B17: N | C17: LUIS S, FREDDY CH | D17: GEMELO SPT | E17: 2X16 | F17: BLANCO | Q17: 128 | V17: =SUMPRODUCT(G17:T17,$G$1:$T$1) -> 12800 | W17: ECUADOR | X17: N/A | Y17: 46174
A18: 46174.356 | B18: N | C18: LUIS S, FREDDY CH | D18: GEMELO SPT | E18: 2X18 | F18: BLANCO | Q18: 35 | S18: 7 | V18: =SUMPRODUCT(G18:T18,$G$1:$T$1) -> 3675 | W18: ECUADOR | X18: N/A | Y18: 46174
A19: 46174.358 | B19: M | C19: DIEGO Z, JESSICA V | D19: GEMELO SPT | E19: 2X10 | F19: BLANCO | K19: 8 | S19: 4 | V19: =SUMPRODUCT(G19:T19,$G$1:$T$1) -> 2100 | W19: ECUADOR | X19: N/A | Y19: 46174
A20: 46174.359 | B20: M | C20: DIEGO Z, JESSICA V | D20: CABLE THHW 7H | E20: 12 | F20: ROJO | I20: 10 | V20: =SUMPRODUCT(G20:T20,$G$1:$T$1) -> 5000 | W20: COLOMBIA | X20: N/A | Y20: 46174
A21: 46174.359 | B21: M | C21: DIEGO Z, JESSICA V | D21: CABLE THHW 7H | E21: 12 | F21: AMARIILO | I21: 15 | V21: =SUMPRODUCT(G21:T21,$G$1:$T$1) -> 7500 | W21: COLOMBIA | X21: N/A | Y21: 46174
A22: 46174.36 | B22: M | C22: DIEGO Z, JESSICA V | D22: CABLE THHW 7H | E22: 12 | F22: AZUL | I22: 25 | V22: =SUMPRODUCT(G22:T22,$G$1:$T$1) -> 12500 | W22: COLOMBIA | X22: N/A | Y22: 46174
A23: 46174.361 | B23: M | C23: JOEL S, JESSICA V | D23: CABLE THHW 7H | E23: 12 | F23: ROJO | Q23: 258 | S23: 13 | V23: =SUMPRODUCT(G23:T23,$G$1:$T$1) -> 26125 | W23: COLOMBIA | X23: N/A | Y23: 46174
A24: 46174.363 | B24: N | C24: LUIS S, FREDDY CH | D24: CABLE THHW 7H | E24: 12 | F24: ROJO | Q24: 196 | V24: =SUMPRODUCT(G24:T24,$G$1:$T$1) -> 19600 | W24: COLOMBIA | X24: N/A | Y24: 46174
A25: 46174.364 | B25: N | C25: JUAN DIEGO S, FREDDY CH | D25: GEMELO SPT | E25: 2X12 | F25: BLANCO | Q25: 12 | S25: 7 | V25: =SUMPRODUCT(G25:T25,$G$1:$T$1) -> 1375 | W25: ECUADOR | X25: N/A | Y25: 46174
A26: 46174.368 | B26: M | C26: LUIS S, JESSICA V | D26: CABLE THHW 7H | E26: 12 | F26: VERDE | Q26: 4 | S26: 6 | V26: =SUMPRODUCT(G26:T26,$G$1:$T$1) -> 550 | W26: COLOMBIA | X26: N/A | Y26: 46174
A27: 46174.368 | B27: M | C27: LUIS S, FREDDY CH | D27: CABLE THHW 7H | E27: 12 | F27: AMARIILO | S27: 8 | V27: =SUMPRODUCT(G27:T27,$G$1:$T$1) -> 200 | W27: COLOMBIA | X27: N/A | Y27: 46174
A28: 46174.369 | B28: M | C28: JOEL S, JESSICA V | D28: CABLE THHW 7H | E28: 10 | F28: ROJO | Q28: 2 | S28: 4 | V28: =SUMPRODUCT(G28:T28,$G$1:$T$1) -> 300 | W28: COLOMBIA | X28: N/A | Y28: 46174
A29: 46174.369 | B29: M | C29: JOEL S, JESSICA V | D29: CABLE THHW 7H | E29: 10 | F29: VERDE | S29: 5 | V29: =SUMPRODUCT(G29:T29,$G$1:$T$1) -> 125 | W29: COLOMBIA | X29: N/A | Y29: 46174
A30: 46175.332 | B30: N | C30: JOEL S, FREDDY CH | D30: HALOGENO HFFR | E30: 14 | F30: ROJO | Q30: 123 | S30: 1 | V30: =SUMPRODUCT(G30:T30,$G$1:$T$1) -> 12325 | W30: COLOMBIA | X30: 2606H01 | Y30: 46175
A31: 46175.333 | B31: N | C31: JOEL S, FREDDY CH | D31: HALOGENO HFFR | E31: 14 | F31: NEGRO | Q31: 118 | S31: 3 | V31: =SUMPRODUCT(G31:T31,$G$1:$T$1) -> 11875 | W31: COLOMBIA | X31: 2606H01 | Y31: 46175
A32: 46175.334 | B32: M | C32: LUIS S, JESSICA V | D32: GEMELO SPT | E32: 2X14 | F32: BLANCO | Q32: 54 | S32: 3 | V32: =SUMPRODUCT(G32:T32,$G$1:$T$1) -> 5475 | W32: ECUADOR | X32: 2606G01 | Y32: 46175
A33: 46175.335 | B33: N | C33: JOEL S, FREDDY CH | D33: GEMELO SPT | E33: 2X14 | F33: BLANCO | Q33: 156 | V33: =SUMPRODUCT(G33:T33,$G$1:$T$1) -> 15600 | W33: ECUADOR | X33: 2606G01 | Y33: 46175
A34: 46175.337 | B34: N | C34: JOEL S, FREDDY CH | D34: CABLE THHW 7H | E34: 10 | F34: NEGRO | Q34: 106 | S34: 3 | V34: =SUMPRODUCT(G34:T34,$G$1:$T$1) -> 10675 | W34: COLOMBIA | X34: N/A | Y34: 46175
A35: 46175.338 | B35: M | C35: LUIS S, JESSICA V | D35: CABLE THHW 7H | E35: 10 | F35: NEGRO | Q35: 24 | V35: =SUMPRODUCT(G35:T35,$G$1:$T$1) -> 2400 | W35: COLOMBIA | X35: N/A | Y35: 46175
A36: 46175.339 | B36: M | C36: LUIS S, FREDDY CH | D36: CABLE THHW 7H | E36: 10 | F36: NEGRO | Q36: 79 | V36: =SUMPRODUCT(G36:T36,$G$1:$T$1) -> 7900 | W36: COLOMBIA | X36: N/A | Y36: 46175
A37: 46175.34 | B37: M | C37: LUIS S, JESSICA V | D37: CABLE THHW 7H | E37: 12 | F37: ROJO | Q37: 152 | V37: =SUMPRODUCT(G37:T37,$G$1:$T$1) -> 15200 | W37: COLOMBIA | X37: N/A | Y37: 46175
A38: 46175.341 | B38: M | C38: LUIS S, JESSICA V | D38: CABLE THHW 7H | E38: 12 | F38: BLANCO | Q38: 81 | V38: =SUMPRODUCT(G38:T38,$G$1:$T$1) -> 8100 | W38: COLOMBIA | X38: N/A | Y38: 46175
A39: 46175.342 | B39: M | C39: DIEGO Z, JESSICA V | D39: CONCENTRICO TC | E39: 3X14 | F39: NEGRO | Q39: 22 | V39: =SUMPRODUCT(G39:T39,$G$1:$T$1) -> 2200 | W39: ECUADOR | X39: N/A | Y39: 46175
A40: 46175.342 | B40: M | C40: DIEGO Z, JESSICA V | D40: GEMELO SPT | E40: 2X10 | F40: BLANCO | K40: 4 | V40: =SUMPRODUCT(G40:T40,$G$1:$T$1) -> 1000 | W40: ECUADOR | X40: N/A | Y40: 46175
A41: 46175.344 | B41: M | C41: LUIS S, JESSICA V | D41: CABLE THHW 7H | E41: 8 | F41: ROJO | S41: 3 | V41: =SUMPRODUCT(G41:T41,$G$1:$T$1) -> 75 | W41: COLOMBIA | X41: N/A | Y41: 46175
A42: 46175.346 | B42: M | C42: LUIS S, JESSICA V | D42: CABLE THHW 7H | E42: 12 | F42: NEGRO | S42: 6 | V42: =SUMPRODUCT(G42:T42,$G$1:$T$1) -> 150 | W42: COLOMBIA | X42: N/A | Y42: 46175
A43: 46175.347 | B43: M | C43: LUIS S, JESSICA V | D43: CABLE THHW 7H | E43: 12 | F43: VERDE | V43: =SUMPRODUCT(G43:T43,$G$1:$T$1) -> 0 | W43: COLOMBIA | X43: N/A | Y43: 46175
A44: 46175.383 | B44: M | C44: LUIS S, JESSICA V | D44: FLEXIBLE THHW PLUS | E44: 12 | F44: NEGRO | Q44: 5 | S44: 4 | V44: =SUMPRODUCT(G44:T44,$G$1:$T$1) -> 600 | W44: ECUADOR | X44: N/A | Y44: 46175
A45: 46175.384 | B45: M | C45: LUIS S, JESSICA V | D45: FLEXIBLE THHW PLUS | E45: 12 | F45: BLANCO | Q45: 10 | S45: 13 | V45: =SUMPRODUCT(G45:T45,$G$1:$T$1) -> 1325 | W45: ECUADOR | X45: N/A | Y45: 46175
A46: 46175.385 | B46: M | C46: LUIS S, JESSICA V | D46: GEMELO SPT | E46: 2X16 | F46: BLANCO | Q46: 14 | S46: 1 | V46: =SUMPRODUCT(G46:T46,$G$1:$T$1) -> 1425 | W46: ECUADOR | X46: N/A | Y46: 46175
A47: 46175.386 | B47: M | C47: LUIS S, JESSICA V | D47: CABLE THHW 7H | E47: 12 | F47: BLANCO | S47: 6 | V47: =SUMPRODUCT(G47:T47,$G$1:$T$1) -> 150 | W47: COLOMBIA | X47: N/A | Y47: 46175
A48: 46175.387 | B48: M | C48: LUIS S, JESSICA V | D48: CABLE THHW 7H | E48: 8 | F48: BLANCO | Q48: 5 | S48: 2 | V48: =SUMPRODUCT(G48:T48,$G$1:$T$1) -> 550 | W48: COLOMBIA | X48: N/A | Y48: 46175
A49: 46175.387 | B49: M | C49: LUIS S, JESSICA V | D49: CABLE THHW 7H | E49: 8 | F49: NEGRO | Q49: 2 | V49: =SUMPRODUCT(G49:T49,$G$1:$T$1) -> 200 | W49: COLOMBIA | X49: N/A | Y49: 46175
A50: 46175.42 | B50: M | C50: LUIS S, JESSICA V | D50: GEMELO SPT | E50: 2X18 | F50: BLANCO | Q50: 5 | S50: 23 | V50: =SUMPRODUCT(G50:T50,$G$1:$T$1) -> 1075 | W50: ECUADOR | X50: N/A | Y50: 46175
A51: 46175.421 | B51: M | C51: LUIS S, JESSICA V | D51: CABLE THHW 7H | E51: 12 | F51: AZUL | Q51: 5 | S51: 5 | V51: =SUMPRODUCT(G51:T51,$G$1:$T$1) -> 625 | W51: COLOMBIA | X51: N/A | Y51: 46175
A52: 46175.422 | B52: M | C52: LUIS S, JESSICA V | D52: CABLE THHW 7H | E52: 12 | F52: ROJO | Q52: 5 | S52: 12 | V52: =SUMPRODUCT(G52:T52,$G$1:$T$1) -> 800 | W52: COLOMBIA | X52: N/A | Y52: 46175
A53: 46175.422 | B53: M | C53: LUIS S, JESSICA V | D53: FLEXIBLE THHW PLUS | E53: 12 | F53: AMARIILO | Q53: 10 | V53: =SUMPRODUCT(G53:T53,$G$1:$T$1) -> 1000 | W53: ECUADOR | X53: N/A | Y53: 46175
A54: 46175.423 | B54: M | C54: LUIS S, JESSICA V | D54: CABLE THHW 7H | E54: 12 | F54: BLANCO | Q54: 5 | V54: =SUMPRODUCT(G54:T54,$G$1:$T$1) -> 500 | W54: COLOMBIA | X54: N/A | Y54: 46175
A55: 46175.424 | B55: M | C55: LUIS S, JESSICA V | D55: CABLE THHW 7H | E55: 12 | F55: BLANCO | S55: 9 | V55: =SUMPRODUCT(G55:T55,$G$1:$T$1) -> 225 | W55: COLOMBIA | X55: N/A | Y55: 46175
A56: 46175.425 | B56: M | C56: LUIS S, JESSICA V | D56: CABLE THHW 7H | E56: 12 | F56: NEGRO | Q56: 3 | S56: 17 | V56: =SUMPRODUCT(G56:T56,$G$1:$T$1) -> 725 | W56: COLOMBIA | X56: N/A | Y56: 46175
A57: 46175.426 | B57: M | C57: LUIS S, JESSICA V | D57: FLEXIBLE THHW PLUS | E57: 12 | F57: NEGRO | Q57: 3 | V57: =SUMPRODUCT(G57:T57,$G$1:$T$1) -> 300 | W57: ECUADOR | X57: N/A | Y57: 46175
A58: 46175.427 | B58: M | C58: LUIS S, JESSICA V, FREDDY CH | D58: CABLE THHW 7H | E58: 8 | F58: NEGRO | Q58: 5 | S58: 3 | V58: =SUMPRODUCT(G58:T58,$G$1:$T$1) -> 575 | W58: COLOMBIA | X58: N/A | Y58: 46175
A59: 46175.428 | B59: M | C59: LUIS S, JESSICA V | D59: FLEXIBLE THHW PLUS | E59: 10 | F59: NEGRO | Q59: 6 | V59: =SUMPRODUCT(G59:T59,$G$1:$T$1) -> 600 | W59: ECUADOR | X59: N/A | Y59: 46175
A60: 46175.428 | B60: M | C60: LUIS S, JESSICA V | D60: CABLE THHW 7H | E60: 10 | F60: NEGRO | V60: =SUMPRODUCT(G60:T60,$G$1:$T$1) -> 0 | W60: COLOMBIA | X60: N/A | Y60: 46175
A61: 46175.429 | B61: M | C61: LUIS S, JESSICA V | D61: GEMELO SPT | E61: 2X12 | F61: BLANCO | Q61: 2 | S61: 3 | V61: =SUMPRODUCT(G61:T61,$G$1:$T$1) -> 275 | W61: ECUADOR | X61: N/A | Y61: 46175
A62: 46175.43 | B62: M | C62: LUIS S, JESSICA V | D62: GEMELO SPT | E62: 2X10 | F62: BLANCO | Q62: 1 | S62: 8 | V62: =SUMPRODUCT(G62:T62,$G$1:$T$1) -> 300 | W62: ECUADOR | X62: N/A | Y62: 46175
A63: 46175.431 | B63: M | C63: LUIS S, JESSICA V | D63: GEMELO SPT | E63: 2X16 | F63: BLANCO | Q63: 1 | S63: 15 | V63: =SUMPRODUCT(G63:T63,$G$1:$T$1) -> 475 | W63: ECUADOR | X63: N/A | Y63: 46175
A64: 46175.431 | B64: M | C64: LUIS S, JESSICA V | D64: CABLE THHW 7H | E64: 8 | F64: BLANCO | Q64: 4 | S64: 5 | V64: =SUMPRODUCT(G64:T64,$G$1:$T$1) -> 525 | W64: COLOMBIA | X64: N/A | Y64: 46175
A65: 46175.432 | B65: M | C65: LUIS S, JESSICA V | D65: CABLE THHW 7H | E65: 8 | F65: ROJO | S65: 2 | V65: =SUMPRODUCT(G65:T65,$G$1:$T$1) -> 50 | W65: COLOMBIA | X65: N/A | Y65: 46175
A66: 46175.432 | B66: M | C66: LUIS S, JESSICA V | D66: FLEXIBLE THHW PLUS | E66: 14 | F66: BLANCO | S66: 6 | V66: =SUMPRODUCT(G66:T66,$G$1:$T$1) -> 150 | W66: ECUADOR | X66: N/A | Y66: 46175
A67: 46175.433 | B67: M | C67: LUIS S, JESSICA V | D67: CABLE THHW 7H | E67: 12 | F67: AZUL | I67: 7 | Q67: 3 | S67: 4 | V67: =SUMPRODUCT(G67:T67,$G$1:$T$1) -> 3900 | W67: COLOMBIA | X67: N/A | Y67: 46175
A68: 46175.434 | B68: M | C68: DIEGO Z, JESSICA V | D68: CONCENTRICO TC | E68: 3X14 | F68: NEGRO | Q68: 37 | S68: 4 | V68: =SUMPRODUCT(G68:T68,$G$1:$T$1) -> 3800 | W68: ECUADOR | X68: N/A | Y68: 46175
A69: 46176.321 | B69: M | C69: LUIS S, JESSICA V | D69: GEMELO SPT | E69: 2X14 | F69: BLANCO | Q69: 147 | S69: 8 | V69: =SUMPRODUCT(G69:T69,$G$1:$T$1) -> 14900 | W69: ECUADOR | X69: 2606G01 | Y69: 46176
A70: 46176.323 | B70: M | C70: LUIS S, JESSICA V | D70: HALOGENO HFFR | E70: 14 | F70: BLANCO | Q70: 360 | S70: 6 | V70: =SUMPRODUCT(G70:T70,$G$1:$T$1) -> 36150 | W70: COLOMBIA | X70: 2606H01 | Y70: 46176
A71: 46176.326 | B71: M | C71: JUAN DIEGO S, JESSICA V | D71: CABLE THHW 7H | E71: 12 | F71: BLANCO | I71: 19 | Q71: 4 | S71: 6 | V71: =SUMPRODUCT(G71:T71,$G$1:$T$1) -> 10050 | W71: COLOMBIA | X71: N/A | Y71: 46176
A72: 46176.327 | B72: M | C72: JUAN DIEGO S, JESSICA V | D72: CABLE THHW 7H | E72: 8 | F72: NEGRO | I72: 5 | Q72: 2 | S72: 3 | V72: =SUMPRODUCT(G72:T72,$G$1:$T$1) -> 2775 | W72: COLOMBIA | X72: N/A | Y72: 46176
A73: 46176.329 | B73: M | C73: LUIS S, JESSICA V | D73: CABLE THHW 7H | E73: 8 | F73: BLANCO | Q73: 47 | S73: 7 | V73: =SUMPRODUCT(G73:T73,$G$1:$T$1) -> 4875 | W73: COLOMBIA | X73: 2606F02 | Y73: 46176
A74: 46176.33 | B74: N | C74: JOEL S, FREDDY CH | D74: CABLE THHW 7H | E74: 10 | F74: BLANCO | Q74: 101 | V74: =SUMPRODUCT(G74:T74,$G$1:$T$1) -> 10100 | W74: COLOMBIA | X74: 2606F04 | Y74: 46176
A75: 46176.332 | B75: N | C75: JOEL S, FREDDY CH | D75: HALOGENO HFFR | E75: 14 | F75: AMARIILO | Q75: 102 | S75: 1 | V75: =SUMPRODUCT(G75:T75,$G$1:$T$1) -> 10225 | W75: COLOMBIA | X75: 2606H01 | Y75: 46176
A76: 46176.333 | B76: N | C76: JOEL S, FREDDY CH | D76: CABLE THHW 7H | E76: 10 | F76: AMARIILO | Q76: 48 | S76: 3 | V76: =SUMPRODUCT(G76:T76,$G$1:$T$1) -> 4875 | W76: COLOMBIA | X76: 2606F04 | Y76: 46176
A77: 46176.334 | B77: N | C77: JOEL S, FREDDY CH | D77: GEMELO SPT | E77: 2X14 | F77: BLANCO | Q77: 154 | S77: 1 | V77: =SUMPRODUCT(G77:T77,$G$1:$T$1) -> 15425 | W77: ECUADOR | X77: 2606G01 | Y77: 46176
A78: 46176.335 | B78: N | C78: JOEL S, FREDDY CH | D78: HALOGENO HFFR | E78: 14 | F78: VERDE | Q78: 153 | S78: 3 | V78: =SUMPRODUCT(G78:T78,$G$1:$T$1) -> 15375 | W78: COLOMBIA | X78: 2606H01 | Y78: 46176
A79: 46177.334 | B79: M | C79: JUAN DIEGO S, JESSICA V | D79: FLEXIBLE THHW PLUS | E79: 14 | F79: BLANCO | I79: 3 | V79: =SUMPRODUCT(G79:T79,$G$1:$T$1) -> 1500 | W79: ECUADOR | X79: N/A | Y79: 46177
A80: 46177.334 | B80: M | C80: JUAN DIEGO S, JESSICA V | D80: FLEXIBLE THHW PLUS | E80: 14 | F80: ROJO | I80: 2 | V80: =SUMPRODUCT(G80:T80,$G$1:$T$1) -> 1000 | W80: ECUADOR | X80: N/A | Y80: 46177
A81: 46177.335 | B81: M | C81: LUIS S, JESSICA V | D81: GEMELO SPT | E81: 2X14 | F81: BLANCO | Q81: =150+154 -> 304 | S81: =7+2 -> 9 | V81: =SUMPRODUCT(G81:T81,$G$1:$T$1) -> 30625 | W81: ECUADOR | X81: 2606G01 | Y81: 46177
A82: 46177.336 | B82: M | C82: LUIS S, JESSICA V | D82: HALOGENO HFFR | E82: 14 | F82: ROJO | Q82: 90 | S82: 5 | V82: =SUMPRODUCT(G82:T82,$G$1:$T$1) -> 9125 | W82: COLOMBIA | X82: 2606H01 | Y82: 46177
A83: 46177.337 | B83: M | C83: JUAN DIEGO S, JESSICA V | D83: MULTICONDUCTOR TC | E83: 2X16 | F83: NEGRO | Q83: 42 | S83: 7 | V83: =SUMPRODUCT(G83:T83,$G$1:$T$1) -> 4375 | W83: COLOMBIA | X83: N/A | Y83: 46177
A84: 46177.338 | B84: N | C84: JOEL S, FREDDY CH | D84: HALOGENO HFFR | E84: 12 | F84: ROJO | Q84: 150 | V84: =SUMPRODUCT(G84:T84,$G$1:$T$1) -> 15000 | W84: COLOMBIA | X84: 2606H02 | Y84: 46177
A85: 46177.339 | B85: M | C85: LUIS S, JESSICA V | D85: GEMELO SPT | E85: 2X18 | F85: BLANCO | Q85: 34 | V85: =SUMPRODUCT(G85:T85,$G$1:$T$1) -> 3400 | W85: ECUADOR | X85: N/A | Y85: 46177
A86: 46177.34 | B86: N | C86: DIEGO Z | D86: MULTICONDUCTOR TC | E86: 3X12 | F86: NEGRO | I86: 8 | V86: =SUMPRODUCT(G86:T86,$G$1:$T$1) -> 4000 | W86: COLOMBIA | X86: 2606M02 | Y86: 46177
A87: 46177.356 | B87: M | C87: DIEGO Z, JESSICA V | D87: CONCENTRICO TC | E87: 2X12 | F87: NEGRO | Q87: 14 | S87: 3 | V87: =SUMPRODUCT(G87:T87,$G$1:$T$1) -> 1475 | W87: ECUADOR | X87: N/A | Y87: 46177
A88: 46177.357 | B88: M | C88: DIEGO Z, JESSICA V | D88: CONCENTRICO TC | E88: 2X16 | F88: NEGRO | Q88: 6 | S88: 1 | V88: =SUMPRODUCT(G88:T88,$G$1:$T$1) -> 625 | W88: ECUADOR | X88: N/A | Y88: 46177
A89: 46177.357 | B89: M | C89: DIEGO Z, JESSICA V | D89: MULTICONDUCTOR TC | E89: 2X12 | F89: NEGRO | R89: 160 | S89: 2 | V89: =SUMPRODUCT(G89:T89,$G$1:$T$1) -> 8050 | W89: COLOMBIA | X89: 2606M01 | Y89: 46177
A90: 46177.358 | B90: M | C90: DIEGO Z, JESSICA V | D90: CONCENTRICO TC | E90: 2X12 | F90: NEGRO | Q90: 18 | S90: 5 | V90: =SUMPRODUCT(G90:T90,$G$1:$T$1) -> 1925 | W90: ECUADOR | X90: N/A | Y90: 46177
A91: 46177.359 | B91: M | C91: DIEGO Z, JESSICA V | D91: CONCENTRICO TC | E91: 4X12 | F91: NEGRO | Q91: 16 | S91: 5 | V91: =SUMPRODUCT(G91:T91,$G$1:$T$1) -> 1725 | W91: COLOMBIA | X91: N/A | Y91: 46177
A92: 46175.434 | B92: M | C92: DIEGO Z, JESSICA V | D92: CONCENTRICO TC | E92: 3X14 | F92: NEGRO | Q92: 1 | S92: 4 | V92: =SUMPRODUCT(G92:T92,$G$1:$T$1) -> 200 | W92: ECUADOR | X92: N/A | Y92: 46177
A93: 46177.394 | B93: N | C93: JOEL S, FREDDY CH | D93: HALOGENO HFFR | E93: 12 | F93: NEGRO | Q93: 81 | S93: 1 | V93: =SUMPRODUCT(G93:T93,$G$1:$T$1) -> 8125 | W93: COLOMBIA | X93: 2606H02 | Y93: 46177
A94: 46177.395 | B94: M | C94: LUIS S | D94: FLEXIBLE THHW PLUS | E94: 14 | F94: NEGRO | S94: 1 | V94: =SUMPRODUCT(G94:T94,$G$1:$T$1) -> 25 | W94: ECUADOR | X94: N/A | Y94: 46177
A95: 46177.395 | B95: M | C95: LUIS S | D95: FLEXIBLE THHW PLUS | E95: 14 | F95: BLANCO | S95: 1 | V95: =SUMPRODUCT(G95:T95,$G$1:$T$1) -> 25 | W95: ECUADOR | X95: N/A | Y95: 46177
A96: 46177.34 | B96: N | C96: DIEGO Z | D96: MULTICONDUCTOR TC | E96: 3X12 | F96: NEGRO | R96: 15 | S96: 1 | V96: =SUMPRODUCT(G96:T96,$G$1:$T$1) -> 775 | W96: COLOMBIA | X96: N/A | Y96: 46177
A97: 46178.325 | B97: M | C97: LUIS S, JESSICA V | D97: GEMELO SPT | E97: 2X14 | F97: BLANCO | Q97: 148 | S97: 3 | V97: =SUMPRODUCT(G97:T97,$G$1:$T$1) -> 14875 | W97: ECUADOR | X97: 2606G01 | Y97: 46178
A98: 46178.327 | B98: N | C98: JOEL S | D98: GEMELO SPT | E98: 2X14 | F98: BLANCO | Q98: 156 | S98: 2 | V98: =SUMPRODUCT(G98:T98,$G$1:$T$1) -> 15650 | W98: ECUADOR | X98: 2606G01 | Y98: 46178
A99: 46178.328 | B99: M | C99: LUIS S, JESSICA V | D99: HALOGENO HFFR | E99: 12 | F99: BLANCO | Q99: 137 | S99: 6 | V99: =SUMPRODUCT(G99:T99,$G$1:$T$1) -> 13850 | W99: COLOMBIA | X99: 2606H02 | Y99: 46178
A100: 46178.329 | B100: M | C100: LUIS S, JESSICA V | D100: HALOGENO HFFR | E100: 12 | F100: AMARIILO | Q100: 139 | S100: 23 | V100: =SUMPRODUCT(G100:T100,$G$1:$T$1) -> 14475 | W100: COLOMBIA | X100: 2606H02 | Y100: 46178
...

Sheet OP
D1: CONTROL DE DESPERDICIO | F1: Código: | G1: R-CC-29
F2: Fecha de revisión: | G2: 25-08-28
F3: N° de versión: | G3: 3
B5: FEBRERO
A6: FAMILIA | B6: OP/OT/OI/OC/OTRO | C6: LOTE | D6: DESCRIPCION | E6: CALIBRE | F6: PESO TOTAL | G6: PRODUCCION METROS
A7: FLEX HFFR | B7: OP | C7: 2606H01 | D7: HALOGENO HFFR | E7: 14 | F7: 6.72 | G7: =SUMIFS(LIBERACION!$V:$V,LIBERACION!$D:$D,D7,LIBERACION!$E:$E,E7,LIBERACION!$X:$X,C7) -> 178500
A8: FLEX HFFR | B8: OP | C8: 2606H02 | D8: HALOGENO HFFR | E8: 12 | F8: 14.22 | G8: =SUMIFS(LIBERACION!$V:$V,LIBERACION!$D:$D,D8,LIBERACION!$E:$E,E8,LIBERACION!$X:$X,C8) -> 104150
A9: FLEX THHW | B9: OP | C9: 2606F01 | D9: CABLE THHW 7H | E9: 12 | F9: 1.59 | G9: =SUMIFS(LIBERACION!$V:$V,LIBERACION!$D:$D,D9,LIBERACION!$E:$E,E9,LIBERACION!$X:$X,C9) -> 2125
A10: FLEX THHW | B10: OP | C10: 2606F02 | D10: CABLE THHW 7H | E10: 8 | F10: 96.11 | G10: =SUMIFS(LIBERACION!$V:$V,LIBERACION!$D:$D,D10,LIBERACION!$E:$E,E10,LIBERACION!$X:$X,C10) -> 37250
A11: FLEX THHW | B11: OP | C11: 2606F03 | D11: CABLE THHW 7H | E11: 10 | F11: 0 | G11: =SUMIFS(LIBERACION!$V:$V,LIBERACION!$D:$D,D11,LIBERACION!$E:$E,E11,LIBERACION!$X:$X,C11) -> 725
A12: FLEX THHW | B12: OP | C12: 2606F04 | D12: CABLE THHW 7H | E12: 10 | F12: 1.38 | G12: =SUMIFS(LIBERACION!$V:$V,LIBERACION!$D:$D,D12,LIBERACION!$E:$E,E12,LIBERACION!$X:$X,C12) -> 15050
A13: FLEX THHW | B13: OP | C13: 2606F05 | D13: CABLE THHW 7H | E13: 12 | F13: 20.46 | G13: =SUMIFS(LIBERACION!$V:$V,LIBERACION!$D:$D,D13,LIBERACION!$E:$E,E13,LIBERACION!$X:$X,C13) -> 124375
A14: FLEX THHW | B14: OP | C14: 2606F06 | D14: FLEXIBLE THHW PLUS | E14: 12 | F14: 8.4 | G14: =SUMIFS(LIBERACION!$V:$V,LIBERACION!$D:$D,D14,LIBERACION!$E:$E,E14,LIBERACION!$X:$X,C14) -> 7300
A15: FLEX THHW | B15: OP | C15: 2606F07 | D15: FLEXIBLE TFF | E15: 16 | F15: 2.67 | G15: =SUMIFS(LIBERACION!$V:$V,LIBERACION!$D:$D,D15,LIBERACION!$E:$E,E15,LIBERACION!$X:$X,C15) -> 3050
A16: FLEX THHW | B16: OP | C16: 2606F08 | D16: FLEXIBLE THHW PLUS | E16: 12 | F16: 67.87 | G16: =SUMIFS(LIBERACION!$V:$V,LIBERACION!$D:$D,D16,LIBERACION!$E:$E,E16,LIBERACION!$X:$X,C16) -> 640725
A17: FLEX THHW | B17: OP | C17: 2606F09 | D17: FLEXIBLE THHW PLUS | E17: 14 | F17: 0.94 | G17: =SUMIFS(LIBERACION!$V:$V,LIBERACION!$D:$D,D17,LIBERACION!$E:$E,E17,LIBERACION!$X:$X,C17) -> 1800
A18: FLEX THHW | B18: OP | C18: 2606F10 | D18: FLEXIBLE TFF | E18: 16 | F18: 4.63 | G18: =SUMIFS(LIBERACION!$V:$V,LIBERACION!$D:$D,D18,LIBERACION!$E:$E,E18,LIBERACION!$X:$X,C18) -> 59500
... A23: FLEX THHW | B23: OP | C23: 2606F15 | D23: FLEXIBLE THHW PLUS | E23: 6 | F23: 8.55 | G23: =SUMIFS(LIBERACION!$V:$V,LIBERACION!$D:$D,D23,LIBERACION!$E:$E,E23,LIBERACION!$X:$X,C23) -> 6225
A24: FLEX THHW | B24: OP | F24: 0 | G24: =SUMIFS(LIBERACION!$V:$V,LIBERACION!$D:$D,D24,LIBERACION!$E:$E,E24,LIBERACION!$X:$X,C24) -> 0
A25: FLEX THHW | B25: OP | F25: 0 | G25: =SUMIFS(LIBERACION!$V:$V,LIBERACION!$D:$D,D25,LIBERACION!$E:$E,E25,LIBERACION!$X:$X,C25) -> 0
A26: FLEX THHW | B26: OP | F26: 0 | G26: =SUMIFS(LIBERACION!$V:$V,LIBERACION!$D:$D,D26,LIBERACION!$E:$E,E26,LIBERACION!$X:$X,C26) -> 0
A27: MULT-CC | B27: OP | C27: 2606M01 | D27: MULTICONDUCTOR TC | E27: 2X12 | F27: 2.7 | G27: =SUMIFS(LIBERACION!$V:$V,LIBERACION!$D:$D,D27,LIBERACION!$E:$E,E27,LIBERACION!$X:$X,C27) -> 10100
A28: MULT-CC | B28: OP | C28: 2606M02 | D28: MULTICONDUCTOR TC | E28: 3X12 | F28: 17.82 | G28: =SUMIFS(LIBERACION!$V:$V,LIBERACION!$D:$D,D28,LIBERACION!$E:$E,E28,LIBERACION!$X:$X,C28) -> 14725
A29: MULT-CC | B29: OP | C29: 2606M03 | D29: MULTICONDUCTOR TC | E29: 3X10 | F29: 0 | G29: =SUMIFS(LIBERACION!$V:$V,LIBERACION!$D:$D,D29,LIBERACION!$E:$E,E29,LIBERACION!$X:$X,C29) -> 3100
A30: MULT-CC | B30: OP | C30: 2606M04 | D30: CONCENTRICO TC | E30: 2X12 | F30: 19.36 | G30: =SUMIFS(LIBERACION!$V:$V,LIBERACION!$D:$D,D30,LIBERACION!$E:$E,E30,LIBERACION!$X:$X,C30) -> 29125
A31: MULT-CC | B31: OP | C31: 2606M05 | D31: CONCENTRICO TC | E31: 3X12 | F31: 48.47 | G31: =SUMIFS(LIBERACION!$V:$V,LIBERACION!$D:$D,D31,LIBERACION!$E:$E,E31,LIBERACION!$X:$X,C31) -> 24650
A32: MULT-CC | B32: OP | C32: 2606M06 | D32: CONCENTRICO TC | E32: 2X16 | F32: 31.68 | G32: =SUMIFS(LIBERACION!$V:$V,LIBERACION!$D:$D,D32,LIBERACION!$E:$E,E32,LIBERACION!$X:$X,C32) -> 12725
A33: MULT-CC | B33: OP | C33: 2606M07 | D33: CONCENTRICO TC | E33: 2X14 | F33: 38.8 | G33: =SUMIFS(LIBERACION!$V:$V,LIBERACION!$D:$D,D33,LIBERACION!$E:$E,E33,LIBERACION!$X:$X,C33) -> 25275
A34: MULT-CC | B34: OP | C34: 2606M08 | D34: CONCENTRICO TC | E34: 3X14 | F34: 2.41 | G34: =SUMIFS(LIBERACION!$V:$V,LIBERACION!$D:$D,D34,LIBERACION!$E:$E,E34,LIBERACION!$X:$X,C34) -> 15025
A35: MULT-CC | B35: OP | C35: 2606M09 | D35: CONCENTRICO TC | E35: 2X10 | F35: 3.32 | G35: =SUMIFS(LIBERACION!$V:$V,LIBERACION!$D:$D,D35,LIBERACION!$E:$E,E35,LIBERACION!$X:$X,C35) -> 10175
A36: MULT-CC | B36: OP | C36: 2606M10 | D36: CONCENTRICO TC | E36: 3X10 | F36: 29.43 | G36: =SUMIFS(LIBERACION!$V:$V,LIBERACION!$D:$D,D36,LIBERACION!$E:$E,E36,LIBERACION!$X:$X,C36) -> 9850
A37: MULT-CC | B37: OP | C37: 2606M11 | D37: CONCENTRICO TC | E37: 3X8 | F37: 16.99 | G37: =SUMIFS(LIBERACION!$V:$V,LIBERACION!$D:$D,D37,LIBERACION!$E:$E,E37,LIBERACION!$X:$X,C37) -> 4975
A38: MULT-CC | B38: OP | C38: 2606M12 | D38: CONCENTRICO TC | E38: 2X14 | F38: 0 | G38: =SUMIFS(LIBERACION!$V:$V,LIBERACION!$D:$D,D38,LIBERACION!$E:$E,E38,LIBERACION!$X:$X,C38) -> 100
A39: MULT-CC | B39: OP | C39: 2606M13 | D39: MULTICONDUCTOR TC | E39: 2X16 | F39: 0 | G39: =SUMIFS(LIBERACION!$V:$V,LIBERACION!$D:$D,D39,LIBERACION!$E:$E,E39,LIBERACION!$X:$X,C39) -> 9500
A40: MULT-CC | B40: OP | C40: 2606M14 | D40: CONCENTRICO TC | F40: 0 | G40: =SUMIFS(LIBERACION!$V:$V,LIBERACION!$D:$D,D40,LIBERACION!$E:$E,E40,LIBERACION!$X:$X,C40) -> 0
A41: GEM-SPT | B41: OP | C41: 2606G01 | D41: GEMELO SPT | E41: 2X14 | F41: 45.94 | G41: =SUMIFS(LIBERACION!$V:$V,LIBERACION!$D:$D,D41,LIBERACION!$E:$E,E41,LIBERACION!$X:$X,C41) -> 241060
A42: GEM-SPT | B42: OP | C42: 2606G02 | D42: GEMELO SPT | E42: 2X16 | F42: 29.83 | G42: =SUMIFS(LIBERACION!$V:$V,LIBERACION!$D:$D,D42,LIBERACION!$E:$E,E42,LIBERACION!$X:$X,C42) -> 179260
A43: GEM-SPT | B43: OP | C43: 2606G03 | D43: GEMELO SPT | E43: 2X12 | F43: 59.84 | G43: =SUMIFS(LIBERACION!$V:$V,LIBERACION!$D:$D,D43,LIBERACION!$E:$E,E43,LIBERACION!$X:$X,C43) -> 162800
A44: GEM-SPT | B44: OP | C44: 2606G04 | D44: GEMELO SPT | E44: 2X20 | F44: 14.8 | G44: =SUMIFS(LIBERACION!$V:$V,LIBERACION!$D:$D,D44,LIBERACION!$E:$E,E44,LIBERACION!$X:$X,C44) -> 80075
A45: GEM-SPT | B45: OP | C45: 2606G05 | D45: GEMELO SPT | E45: 2X10 | F45: 28.72 | G45: =SUMIFS(LIBERACION!$V:$V,LIBERACION!$D:$D,D45,LIBERACION!$E:$E,E45,LIBERACION!$X:$X,C45) -> 47350
A46: GEM-SPT | B46: OP | C46: 2606G06 | D46: GEMELO SPT | E46: 2X18 | F46: 11.52 | G46: =SUMIFS(LIBERACION!$V:$V,LIBERACION!$D:$D,D46,LIBERACION!$E:$E,E46,LIBERACION!$X:$X,C46) -> 125725
F47: =SUM(F7:F44) -> 645.86 | G47: =SUM(G7:G46) -> 2786770 | H47: =SUMIFS(LIBERACION!V:V,LIBERACION!X:X,"N/A") -> 541450 | I47: =G47+H47 -> 3328220 | J47: =LIBERACION!W1 -> 3328220
I48: =J47-I47 -> 0

Sheet ANALISIS
B2: ANÁLISIS DESPERDICCIO - JUNIO2026
B3: FAMILIA | C3: CALIBRE | D3: METROS PRODUCIDOS | E3: ESTANDAR g | F3: PRODUCCIÓN kg | G3: DESPERDICIO kg | H3: PORCENTAJE DE DESPERDICIO | I3: OBSERVACIONES | J3: DESPERDICIO metros
B4: FLEX THHW | C4: 16 | D4: =SUMIFS(OP!G:G,OP!A:A,B4,OP!E:E,C4) -> 62550 | E4: 17.3 | F4: =(D4*E4)/1000 -> 1082.115 | G4: =SUMIFS(OP!F:F,OP!A:A,B4,OP!E:E,C4) -> 7.3 | H4: =G4/(F4+G4) -> 0.006700844 | J4: =(G4)/(E4/1000) -> 421.96532
B5: FLEX THHW | C5: 14 | D5: =SUMIFS(OP!G:G,OP!A:A,B5,OP!E:E,C5) -> 480075 | E5: 11.972 | F5: =(D5*E5)/1000 -> 5747.4579 | G5: =SUMIFS(OP!F:F,OP!A:A,B5,OP!E:E,C5) -> 28.15 | H5: =G5/(F5+G5) -> 0.0048739458 | J5: =(G5)/(E5/1000) -> 2351.3197
B6: FLEX THHW | C6: 12 | D6: =SUMIFS(OP!G:G,OP!A:A,B6,OP!E:E,C6) -> 774525 | E6: 23.819 | F6: =(D6*E6)/1000 -> 18448.411 | G6: =SUMIFS(OP!F:F,OP!A:A,B6,OP!E:E,C6) -> 98.32 | H6: =G6/(F6+G6) -> 0.0053012038 | J6: =(G6)/(E6/1000) -> 4127.7971
B7: FLEX THHW | C7: 10 | D7: =SUMIFS(OP!G:G,OP!A:A,B7,OP!E:E,C7) -> 136550 | E7: 35.51 | F7: =(D7*E7)/1000 -> 4848.8905 | G7: =SUMIFS(OP!F:F,OP!A:A,B7,OP!E:E,C7) -> 22.08 | H7: =G7/(F7+G7) -> 0.0045329776 | J7: =(G7)/(E7/1000) -> 621.79668
B8: FLEX THHW | C8: 8 | D8: =SUMIFS(OP!G:G,OP!A:A,B8,OP!E:E,C8) -> 38600 | E8: 58.328 | F8: =(D8*E8)/1000 -> 2251.4608 | G8: =SUMIFS(OP!F:F,OP!A:A,B8,OP!E:E,C8) -> 99.13 | H8: =G8/(F8+G8) -> 0.042172376 | I8: BOBINA TRENZADA CON CORTE | J8: =(G8)/(E8/1000) -> 1699.5268
B9: FLEX THHW | C9: 6 | D9: =SUMIFS(OP!G:G,OP!A:A,B9,OP!E:E,C9) -> 6225 | E9: 86.886 | F9: =(D9*E9)/1000 -> 540.86535 | G9: =SUMIFS(OP!F:F,OP!A:A,B9,OP!E:E,C9) -> 8.55 | H9: =G9/(F9+G9) -> 0.015561997 | J9: =(G9)/(E9/1000) -> 98.404806
B10: FLEX HFFR | C10: 12 | D10: =SUMIFS(OP!G:G,OP!A:A,B10,OP!E:E,C10) -> 104150 | E10: 22.07 | F10: =(D10*E10)/1000 -> 2298.5905 | G10: =SUMIFS(OP!F:F,OP!A:A,B10,OP!E:E,C10) -> 14.22 | H10: =G10/(F10+G10) -> 0.0061483636 | J10: =(G10)/(E10/1000) -> 644.31355
B11: FLEX HFFR | C11: 14 | D11: =SUMIFS(OP!G:G,OP!A:A,B11,OP!E:E,C11) -> 178500 | E11: 17.37 | F11: =(D11*E11)/1000 -> 3100.545 | G11: =SUMIFS(OP!F:F,OP!A:A,B11,OP!E:E,C11) -> 6.72 | H11: =G11/(F11+G11) -> 0.0021626736 | J11: =(G11)/(E11/1000) -> 386.87392
B12: MULT-CC | C12: 3X12 | D12: =SUMIFS(OP!G:G,OP!A:A,B12,OP!E:E,C12) -> 39375 | E12: 149.34 | F12: =(D12*E12)/1000 -> 5880.2625 | G12: =SUMIFS(OP!F:F,OP!A:A,B12,OP!E:E,C12) -> 66.29 | H12: =G12/(F12+G12) -> 0.011147636 | J12: =(G12)/(E12/1000) -> 443.88643
B13: MULT-CC | C13: 2X12 | D13: =SUMIFS(OP!G:G,OP!A:A,B13,OP!E:E,C13) -> 39225 | E13: 114.02 | F13: =(D13*E13)/1000 -> 4472.4345 | G13: =SUMIFS(OP!F:F,OP!A:A,B13,OP!E:E,C13) -> 22.06 | H13: =G13/(F13+G13) -> 0.0049082272 | J13: =(G13)/(E13/1000) -> 193.47483
B14: MULT-CC | C14: 3X8 | D14: =SUMIFS(OP!G:G,OP!A:A,B14,OP!E:E,C14) -> 4975 | E14: 405.875 | F14: =(D14*E14)/1000 -> 2019.2281 | G14: =SUMIFS(OP!F:F,OP!A:A,B14,OP!E:E,C14) -> 16.99 | H14: =G14/(F14+G14) -> 0.0083438998 | J14: =(G14)/(E14/1000) -> 41.860179
B15: MULT-CC | C15: 2X14 | D15: =SUMIFS(OP!G:G,OP!A:A,B15,OP!E:E,C15) -> 25375 | E15: 63.552 | F15: =(D15*E15)/1000 -> 1612.632 | G15: =SUMIFS(OP!F:F,OP!A:A,B15,OP!E:E,C15) -> 38.8 | H15: =G15/(F15+G15) -> 0.023494761 | I15: DESPERDICIO CCAA TRENZADO | J15: =(G15)/(E15/1000) -> 610.52367
B16: MULT-CC | C16: 3X14 | D16: =SUMIFS(OP!G:G,OP!A:A,B16,OP!E:E,C16) -> 15025 | E16: 106.045 | F16: =(D16*E16)/1000 -> 1593.3261 | G16: =SUMIFS(OP!F:F,OP!A:A,B16,OP!E:E,C16) -> 2.41 | H16: =G16/(F16+G16) -> 0.0015102748 | J16: =(G16)/(E16/1000) -> 22.726201
B17: MULT-CC | C17: 2X16 | D17: =SUMIFS(OP!G:G,OP!A:A,B17,OP!E:E,C17) -> 22225 | E17: 62.16 | F17: =(D17*E17)/1000 -> 1381.506 | G17: =SUMIFS(OP!F:F,OP!A:A,B17,OP!E:E,C17) -> 31.68 | H17: =G17/(F17+G17) -> 0.022417431 | I17: DESPERDICIO CCAA TRENZADO | J17: =(G17)/(E17/1000) -> 509.65251
B18: MULT-CC | C18: 3X10 | D18: =SUMIFS(OP!G:G,OP!A:A,B18,OP!E:E,C18) -> 12950 | E18: 238.65 | F18: =(D18*E18)/1000 -> 3090.5175 | G18: =SUMIFS(OP!F:F,OP!A:A,B18,OP!E:E,C18) -> 29.43 | H18: =G18/(F18+G18) -> 0.009432851 | J18: =(G18)/(E18/1000) -> 123.31867
B19: MULT-CC | C19: 2X10 | D19: =SUMIFS(OP!G:G,OP!A:A,B19,OP!E:E,C19) -> 10175 | E19: 189.045 | F19: =(D19*E19)/1000 -> 1923.5329 | G19: =SUMIFS(OP!F:F,OP!A:A,B19,OP!E:E,C19) -> 3.32 | H19: =G19/(F19+G19) -> 0.0017230169 | J19: =(G19)/(E19/1000) -> 17.561956
B20: GEM-SPT | C20: 2X16 | D20: =SUMIFS(OP!G:G,OP!A:A,B20,OP!E:E,C20) -> 179260 | E20: 36.83 | F20: =(D20*E20)/1000 -> 6602.1458 | G20: =SUMIFS(OP!F:F,OP!A:A,B20,OP!E:E,C20) -> 29.83 | H20: =G20/(F20+G20) -> 0.0044979054 | J20: =(G20)/(E20/1000) -> 809.93755
B21: GEM-SPT | C21: 2X14 | D21: =SUMIFS(OP!G:G,OP!A:A,B21,OP!E:E,C21) -> 241060 | E21: 45.987 | F21: =(D21*E21)/1000 -> 11085.626 | G21: =SUMIFS(OP!F:F,OP!A:A,B21,OP!E:E,C21) -> 45.94 | H21: =G21/(F21+G21) -> 0.0041270024 | J21: =(G21)/(E21/1000) -> 998.97797
B22: GEM-SPT | C22: 2X12 | D22: =SUMIFS(OP!G:G,OP!A:A,B22,OP!E:E,C22) -> 162800 | E22: 62.034 | F22: =(D22*E22)/1000 -> 10099.135 | G22: =SUMIFS(OP!F:F,OP!A:A,B22,OP!E:E,C22) -> 59.84 | H22: =G22/(F22+G22) -> 0.0058903579 | J22: =(G22)/(E22/1000) -> 964.6323
B23: GEM-SPT | C23: 2X10 | D23: =SUMIFS(OP!G:G,OP!A:A,B23,OP!E:E,C23) -> 47350 | E23: 76.18 | F23: =(D23*E23)/1000 -> 3607.123 | G23: =SUMIFS(OP!F:F,OP!A:A,B23,OP!E:E,C23) -> 28.72 | H23: =G23/(F23+G23) -> 0.007899131 | J23: =(G23)/(E23/1000) -> 377.00184
B24: GEM-SPT | C24: 2X18 | D24: =SUMIFS(OP!G:G,OP!A:A,B24,OP!E:E,C24) -> 125725 | E24: 26.185 | F24: =(D24*E24)/1000 -> 3292.1091 | G24: =SUMIFS(OP!F:F,OP!A:A,B24,OP!E:E,C24) -> 11.52 | H24: =G24/(F24+G24) -> 0.0034870742 | J24: =(G24)/(E24/1000) -> 439.94653
B25: GEM-SPT | C25: 2X20 | D25: =SUMIFS(OP!G:G,OP!A:A,B25,OP!E:E,C25) -> 80075 | E25: 14.402 | F25: =(D25*E25)/1000 -> 1153.2402 | G25: =SUMIFS(OP!F:F,OP!A:A,B25,OP!E:E,C25) -> 14.8 | H25: =G25/(F25+G25) -> 0.012670797 | J25: =(G25)/(E25/1000) -> 1027.6351
B26: TOTAL = | D26: =SUM(D4:D25) -> 2786770 | E26: =AVERAGE(E4:E25) -> 84.707273 | F26: =SUM(F4:F17) -> 55277.725 | G26: =SUM(G4:G17) -> 462.7 | H26: =G26/(F26+G26) -> 0.0083009772 | J26: =SUM(J4:J25) -> 16933.134

Sheet SEMANA 1
B1: }
B3: REPORTE DE LIBERACIÓN SEMANAL
B4: FECHA | C4: TURNO | F4: METROS POR DIA | G4: OBSERVACIONES
C5: MAÑANA | D5: TARDE | E5: NOCHE
C6: M | D6: T | E6: N
B7: 46174 | C7: =SUMIFS(LIBERACION!$V:$V,LIBERACION!$Y:$Y,$B7,LIBERACION!$B:$B,C$6) -> 222525 | D7: =SUMIFS(LIBERACION!$V:$V,LIBERACION!$Y:$Y,$B7,LIBERACION!$B:$B,D$6) -> 0 | E7: =SUMIFS(LIBERACION!$V:$V,LIBERACION!$Y:$Y,$B7,LIBERACION!$B:$B,E$6) -> 142675 | F7: =SUM(C7:E7) -> 365200
B8: 46175 | C8: =SUMIFS(LIBERACION!$V:$V,LIBERACION!$Y:$Y,$B8,LIBERACION!$B:$B,C$6) -> 62650 | D8: =SUMIFS(LIBERACION!$V:$V,LIBERACION!$Y:$Y,$B8,LIBERACION!$B:$B,D$6) -> 0 | E8: =SUMIFS(LIBERACION!$V:$V,LIBERACION!$Y:$Y,$B8,LIBERACION!$B:$B,E$6) -> 50475 | F8: =SUM(C8:E8) -> 113125
B9: 46176 | C9: =SUMIFS(LIBERACION!$V:$V,LIBERACION!$Y:$Y,$B9,LIBERACION!$B:$B,C$6) -> 68750 | D9: =SUMIFS(LIBERACION!$V:$V,LIBERACION!$Y:$Y,$B9,LIBERACION!$B:$B,D$6) -> 0 | E9: =SUMIFS(LIBERACION!$V:$V,LIBERACION!$Y:$Y,$B9,LIBERACION!$B:$B,E$6) -> 56000 | F9: =SUM(C9:E9) -> 124750
B10: 46177 | C10: =SUMIFS(LIBERACION!$V:$V,LIBERACION!$Y:$Y,$B10,LIBERACION!$B:$B,C$6) -> 64075 | D10: =SUMIFS(LIBERACION!$V:$V,LIBERACION!$Y:$Y,$B10,LIBERACION!$B:$B,D$6) -> 0 | E10: =SUMIFS(LIBERACION!$V:$V,LIBERACION!$Y:$Y,$B10,LIBERACION!$B:$B,E$6) -> 27900 | F10: =SUM(C10:E10) -> 91975 | G10: Argentina Halogenos 12 para presentación de 500
B11: 46178 | C11: =SUMIFS(LIBERACION!$V:$V,LIBERACION!$Y:$Y,$B11,LIBERACION!$B:$B,C$6) -> 43200 | D11: =SUMIFS(LIBERACION!$V:$V,LIBERACION!$Y:$Y,$B11,LIBERACION!$B:$B,D$6) -> 0 | E11: =SUMIFS(LIBERACION!$V:$V,LIBERACION!$Y:$Y,$B11,LIBERACION!$B:$B,E$6) -> 45700 | F11: =SUM(C11:E11) -> 88900 | G11: Tokio fabricación de flexibles 12 blanco, negro, verde para concéntricos Ecuador 75000 metros
E12: TOTAL | F12: =SUM( F7:F11 ) -> 783950
B16: REPORTE LIBERACIÓN PORCENTUAL %
B17: FECHA | C17: TURNO | F17: PORCENTAJE POR DIA
C18: MAÑANA | D18: TARDE | E18: NOCHE
C19: M | D19: T | E19: N
B20: =B7 -> 46174 | C20: =((C7*100)/500000)/100 -> 0.44505 | D20: =((D7*100)/500000)/100 -> 0 | E20: =((E7*100)/500000)/100 -> 0.28535 | F20: =SUM(C20:E20) -> 0.7304
B21: =B8 -> 46175 | C21: =((C8*100)/500000)/100 -> 0.1253 | D21: =((D8*100)/500000)/100 -> 0 | E21: =((E8*100)/500000)/100 -> 0.10095 | F21: =SUM(C21:E21) -> 0.22625
B22: =B9 -> 46176 | C22: =((C9*100)/500000)/100 -> 0.1375 | D22: =((D9*100)/500000)/100 -> 0 | E22: =((E9*100)/500000)/100 -> 0.112 | F22: =SUM(C22:E22) -> 0.2495
B23: =B10 -> 46177 | C23: =((C10*100)/500000)/100 -> 0.12815 | D23: =((D10*100)/500000)/100 -> 0 | E23: =((E10*100)/500000)/100 -> 0.0558 | F23: =SUM(C23:E23) -> 0.18395
B24: =B11 -> 46178 | C24: =((C11*100)/500000)/100 -> 0.0864 | D24: =((D11*100)/500000)/100 -> 0 | E24: =((E11*100)/500000)/100 -> 0.0914 | F24: =SUM(C24:E24) -> 0.1778
E25: TOTAL % | F25: =SUM(F20:F24) -> 1.5679

Sheet SEMANA 2
B1: }
B3: REPORTE DE LIBERACIÓN SEMANAL
B4: FECHA | C4: TURNO | F4: METROS POR DIA | G4: OBSERVACIONES
C5: MAÑANA | D5: TARDE | E5: NOCHE
C6: M | D6: T | E6: N
B7: 46181 | C7: =SUMIFS(LIBERACION!$V:$V,LIBERACION!$Y:$Y,$B7,LIBERACION!$B:$B,C$6) -> 128600 | D7: =SUMIFS(LIBERACION!$V:$V,LIBERACION!$Y:$Y,$B7,LIBERACION!$B:$B,D$6) -> 0 | E7: =SUMIFS(LIBERACION!$V:$V,LIBERACION!$Y:$Y,$B7,LIBERACION!$B:$B,E$6) -> 52900 | F7: =SUM(C7:E7) -> 181500
B8: 46182 | C8: =SUMIFS(LIBERACION!$V:$V,LIBERACION!$Y:$Y,$B8,LIBERACION!$B:$B,C$6) -> 88450 | D8: =SUMIFS(LIBERACION!$V:$V,LIBERACION!$Y:$Y,$B8,LIBERACION!$B:$B,D$6) -> 0 | E8: =SUMIFS(LIBERACION!$V:$V,LIBERACION!$Y:$Y,$B8,LIBERACION!$B:$B,E$6) -> 65900 | F8: =SUM(C8:E8) -> 154350
B9: 46183 | C9: =SUMIFS(LIBERACION!$V:$V,LIBERACION!$Y:$Y,$B9,LIBERACION!$B:$B,C$6) -> 89650 | D9: =SUMIFS(LIBERACION!$V:$V,LIBERACION!$Y:$Y,$B9,LIBERACION!$B:$B,D$6) -> 0 | E9: =SUMIFS(LIBERACION!$V:$V,LIBERACION!$Y:$Y,$B9,LIBERACION!$B:$B,E$6) -> 78475 | F9: =SUM(C9:E9) -> 168125
B10: 46184 | C10: =SUMIFS(LIBERACION!$V:$V,LIBERACION!$Y:$Y,$B10,LIBERACION!$B:$B,C$6) -> 119975 | D10: =SUMIFS(LIBERACION!$V:$V,LIBERACION!$Y:$Y,$B10,LIBERACION!$B:$B,D$6) -> 0 | E10: =SUMIFS(LIBERACION!$V:$V,LIBERACION!$Y:$Y,$B10,LIBERACION!$B:$B,E$6) -> 114275 | F10: =SUM(C10:E10) -> 234250
B11: 46185 | C11: =SUMIFS(LIBERACION!$V:$V,LIBERACION!$Y:$Y,$B11,LIBERACION!$B:$B,C$6) -> 146625 | D11: =SUMIFS(LIBERACION!$V:$V,LIBERACION!$Y:$Y,$B11,LIBERACION!$B:$B,D$6) -> 0 | E11: =SUMIFS(LIBERACION!$V:$V,LIBERACION!$Y:$Y,$B11,LIBERACION!$B:$B,E$6) -> 101100 | F11: =SUM(C11:E11) -> 247725
E12: TOTAL | F12: =SUM( F7:F11 ) -> 985950
B16: REPORTE LIBERACIÓN PORCENTUAL %
B17: FECHA | C17: TURNO | F17: PORCENTAJE POR DIA
C18: MAÑANA | D18: TARDE | E18: NOCHE
C19: M | D19: T | E19: N
B20: =B7 -> 46181 | C20: =((C7*100)/500000)/100 -> 0.2572 | D20: =((D7*100)/500000)/100 -> 0 | E20: =((E7*100)/500000)/100 -> 0.1058 | F20: =SUM(C20:E20) -> 0.363
B21: =B8 -> 46182 | C21: =((C8*100)/500000)/100 -> 0.1769 | D21: =((D8*100)/500000)/100 -> 0 | E21: =((E8*100)/500000)/100 -> 0.1318 | F21: =SUM(C21:E21) -> 0.3087
B22: =B9 -> 46183 | C22: =((C9*100)/500000)/100 -> 0.1793 | D22: =((D9*100)/500000)/100 -> 0 | E22: =((E9*100)/500000)/100 -> 0.15695 | F22: =SUM(C22:E22) -> 0.33625
B23: =B10 -> 46184 | C23: =((C10*100)/500000)/100 -> 0.23995 | D23: =((D10*100)/500000)/100 -> 0 | E23: =((E10*100)/500000)/100 -> 0.22855 | F23: =SUM(C23:E23) -> 0.4685
B24: =B11 -> 46185 | C24: =((C11*100)/500000)/100 -> 0.29325 | D24: =((D11*100)/500000)/100 -> 0 | E24: =((E11*100)/500000)/100 -> 0.2022 | F24: =SUM(C24:E24) -> 0.49545
E25: TOTAL % | F25: =SUM(F20:F24) -> 1.9719

Sheet SEMANA 3
B1: }
B3: REPORTE DE LIBERACIÓN SEMANAL
B4: FECHA | C4: TURNO | F4: METROS POR DIA | G4: OBSERVACIONES
C5: MAÑANA | D5: TARDE | E5: NOCHE
C6: M | D6: T | E6: N
B7: 46188 | C7: =SUMIFS(LIBERACION!$V:$V,LIBERACION!$Y:$Y,$B7,LIBERACION!$B:$B,C$6) -> 115775 | D7: =SUMIFS(LIBERACION!$V:$V,LIBERACION!$Y:$Y,$B7,LIBERACION!$B:$B,D$6) -> 0 | E7: =SUMIFS(LIBERACION!$V:$V,LIBERACION!$Y:$Y,$B7,LIBERACION!$B:$B,E$6) -> 65525 | F7: =SUM(C7:E7) -> 181300
B8: 46189 | C8: =SUMIFS(LIBERACION!$V:$V,LIBERACION!$Y:$Y,$B8,LIBERACION!$B:$B,C$6) -> 16375 | D8: =SUMIFS(LIBERACION!$V:$V,LIBERACION!$Y:$Y,$B8,LIBERACION!$B:$B,D$6) -> 0 | E8: =SUMIFS(LIBERACION!$V:$V,LIBERACION!$Y:$Y,$B8,LIBERACION!$B:$B,E$6) -> 94625 | F8: =SUM(C8:E8) -> 111000
B9: 46190 | C9: =SUMIFS(LIBERACION!$V:$V,LIBERACION!$Y:$Y,$B9,LIBERACION!$B:$B,C$6) -> 70725 | D9: =SUMIFS(LIBERACION!$V:$V,LIBERACION!$Y:$Y,$B9,LIBERACION!$B:$B,D$6) -> 0 | E9: =SUMIFS(LIBERACION!$V:$V,LIBERACION!$Y:$Y,$B9,LIBERACION!$B:$B,E$6) -> 45200 | F9: =SUM(C9:E9) -> 115925
B10: 46191 | C10: =SUMIFS(LIBERACION!$V:$V,LIBERACION!$Y:$Y,$B10,LIBERACION!$B:$B,C$6) -> 88975 | D10: =SUMIFS(LIBERACION!$V:$V,LIBERACION!$Y:$Y,$B10,LIBERACION!$B:$B,D$6) -> 0 | E10: =SUMIFS(LIBERACION!$V:$V,LIBERACION!$Y:$Y,$B10,LIBERACION!$B:$B,E$6) -> 65650 | F10: =SUM(C10:E10) -> 154625
B11: 46192 | C11: =SUMIFS(LIBERACION!$V:$V,LIBERACION!$Y:$Y,$B11,LIBERACION!$B:$B,C$6) -> 110175 | D11: =SUMIFS(LIBERACION!$V:$V,LIBERACION!$Y:$Y,$B11,LIBERACION!$B:$B,D$6) -> 0 | E11: =SUMIFS(LIBERACION!$V:$V,LIBERACION!$Y:$Y,$B11,LIBERACION!$B:$B,E$6) -> 136650 | F11: =SUM(C11:E11) -> 246825
E12: TOTAL | F12: =SUM( F7:F11 ) -> 809675
B16: REPORTE LIBERACIÓN PORCENTUAL %
B17: FECHA | C17: TURNO | F17: PORCENTAJE POR DIA
C18: MAÑANA | D18: TARDE | E18: NOCHE
C19: M | D19: T | E19: N
B20: =B7 -> 46188 | C20: =((C7*100)/500000)/100 -> 0.23155 | D20: =((D7*100)/500000)/100 -> 0 | E20: =((E7*100)/500000)/100 -> 0.13105 | F20: =SUM(C20:E20) -> 0.3626
B21: =B8 -> 46189 | C21: =((C8*100)/500000)/100 -> 0.03275 | D21: =((D8*100)/500000)/100 -> 0 | E21: =((E8*100)/500000)/100 -> 0.18925 | F21: =SUM(C21:E21) -> 0.222
B22: =B9 -> 46190 | C22: =((C9*100)/500000)/100 -> 0.14145 | D22: =((D9*100)/500000)/100 -> 0 | E22: =((E9*100)/500000)/100 -> 0.0904 | F22: =SUM(C22:E22) -> 0.23185
B23: =B10 -> 46191 | C23: =((C10*100)/500000)/100 -> 0.17795 | D23: =((D10*100)/500000)/100 -> 0 | E23: =((E10*100)/500000)/100 -> 0.1313 | F23: =SUM(C23:E23) -> 0.30925
B24: =B11 -> 46192 | C24: =((C11*100)/500000)/100 -> 0.22035 | D24: =((D11*100)/500000)/100 -> 0 | E24: =((E11*100)/500000)/100 -> 0.2733 | F24: =SUM(C24:E24) -> 0.49365
E25: TOTAL % | F25: =SUM(F20:F24) -> 1.61935

Sheet SEMANA 4
B1: }
B3: REPORTE DE LIBERACIÓN SEMANAL
B4: FECHA | C4: TURNO | F4: METROS POR DIA | G4: OBSERVACIONES
C5: MAÑANA | D5: TARDE | E5: NOCHE
C6: M | D6: T | E6: N
B7: 46195 | C7: =SUMIFS(LIBERACION!$V:$V,LIBERACION!$Y:$Y,$B7,LIBERACION!$B:$B,C$6) -> 60825 | D7: =SUMIFS(LIBERACION!$V:$V,LIBERACION!$Y:$Y,$B7,LIBERACION!$B:$B,D$6) -> 0 | E7: =SUMIFS(LIBERACION!$V:$V,LIBERACION!$Y:$Y,$B7,LIBERACION!$B:$B,E$6) -> 30000 | F7: =SUM(C7:E7) -> 90825 | G7: Argentina parada por mantenimiento
B8: 46196 | C8: =SUMIFS(LIBERACION!$V:$V,LIBERACION!$Y:$Y,$B8,LIBERACION!$B:$B,C$6) -> 49200 | D8: =SUMIFS(LIBERACION!$V:$V,LIBERACION!$Y:$Y,$B8,LIBERACION!$B:$B,D$6) -> 0 | E8: =SUMIFS(LIBERACION!$V:$V,LIBERACION!$Y:$Y,$B8,LIBERACION!$B:$B,E$6) -> 30250 | F8: =SUM(C8:E8) -> 79450 | G8: Argentina parada por mantenimiento
B9: 46197 | C9: =SUMIFS(LIBERACION!$V:$V,LIBERACION!$Y:$Y,$B9,LIBERACION!$B:$B,C$6) -> 27775 | D9: =SUMIFS(LIBERACION!$V:$V,LIBERACION!$Y:$Y,$B9,LIBERACION!$B:$B,D$6) -> 0 | E9: =SUMIFS(LIBERACION!$V:$V,LIBERACION!$Y:$Y,$B9,LIBERACION!$B:$B,E$6) -> 26675 | F9: =SUM(C9:E9) -> 54450 | G9: Argentina parada por mantenimiento, TOKIO FLEX 12 MULTICONDUCTOR 3X12:BLANCO,VERDE NEGRO: 30360
B10: 46198 | C10: =SUMIFS(LIBERACION!$V:$V,LIBERACION!$Y:$Y,$B10,LIBERACION!$B:$B,C$6) -> 64050 | D10: =SUMIFS(LIBERACION!$V:$V,LIBERACION!$Y:$Y,$B10,LIBERACION!$B:$B,D$6) -> 0 | E10: =SUMIFS(LIBERACION!$V:$V,LIBERACION!$Y:$Y,$B10,LIBERACION!$B:$B,E$6) -> 18400 | F10: =SUM(C10:E10) -> 82450 | G10: ARGENTINA FABRICA FLEX 8 CC VERDE,BLANCO, NEGRO (15360 mts), TOKIO GEMELO 2X16 PARA BOBINAS DE 500: (36000 mts)
B11: 46199 | C11: =SUMIFS(LIBERACION!$V:$V,LIBERACION!$Y:$Y,$B11,LIBERACION!$B:$B,C$6) -> 57385 | D11: =SUMIFS(LIBERACION!$V:$V,LIBERACION!$Y:$Y,$B11,LIBERACION!$B:$B,D$6) -> 0 | E11: =SUMIFS(LIBERACION!$V:$V,LIBERACION!$Y:$Y,$B11,LIBERACION!$B:$B,E$6) -> 25200 | F11: =SUM(C11:E11) -> 82585 | G11: ARGENTINA FLEX 16 CC4X16; BLANCO, VERDE, NEGRO, ROJO: (20460 mts) TOKIO GEMELO 2X18 BOBINAS PRESENTACION 500: (35000 mts )
E12: TOTAL | F12: =SUM( F7:F11 ) -> 389760
B16: REPORTE LIBERACIÓN PORCENTUAL %
B17: FECHA | C17: TURNO | F17: PORCENTAJE POR DIA
C18: MAÑANA | D18: TARDE | E18: NOCHE
C19: M | D19: T | E19: N
B20: =B7 -> 46195 | C20: =((C7*100)/500000)/100 -> 0.12165 | D20: =((D7*100)/500000)/100 -> 0 | E20: =((E7*100)/500000)/100 -> 0.06 | F20: =SUM(C20:E20) -> 0.18165
B21: =B8 -> 46196 | C21: =((C8*100)/500000)/100 -> 0.0984 | D21: =((D8*100)/500000)/100 -> 0 | E21: =((E8*100)/500000)/100 -> 0.0605 | F21: =SUM(C21:E21) -> 0.1589
B22: =B9 -> 46197 | C22: =((C9*100)/500000)/100 -> 0.05555 | D22: =((D9*100)/500000)/100 -> 0 | E22: =((E9*100)/500000)/100 -> 0.05335 | F22: =SUM(C22:E22) -> 0.1089
B23: =B10 -> 46198 | C23: =((C10*100)/500000)/100 -> 0.1281 | D23: =((D10*100)/500000)/100 -> 0 | E23: =((E10*100)/500000)/100 -> 0.0368 | F23: =SUM(C23:E23) -> 0.1649
B24: =B11 -> 46199 | C24: =((C11*100)/500000)/100 -> 0.11477 | D24: =((D11*100)/500000)/100 -> 0 | E24: =((E11*100)/500000)/100 -> 0.0504 | F24: =SUM(C24:E24) -> 0.16517
E25: TOTAL % | F25: =SUM(F20:F24) -> 0.77952

Sheet SEMANA5
B1: }
B3: REPORTE DE LIBERACIÓN SEMANAL
B4: FECHA | C4: TURNO | F4: METROS POR DIA | G4: OBSERVACIONES
C5: MAÑANA | D5: TARDE | E5: NOCHE
C6: M | D6: T | E6: N
B7: 46202 | C7: =SUMIFS(LIBERACION!$V:$V,LIBERACION!$Y:$Y,$B7,LIBERACION!$B:$B,C$6) -> 76600 | D7: =SUMIFS(LIBERACION!$V:$V,LIBERACION!$Y:$Y,$B7,LIBERACION!$B:$B,D$6) -> 0 | E7: =SUMIFS(LIBERACION!$V:$V,LIBERACION!$Y:$Y,$B7,LIBERACION!$B:$B,E$6) -> 29100 | F7: =SUM(C7:E7) -> 105700
B8: 46203 | C8: =SUMIFS(LIBERACION!$V:$V,LIBERACION!$Y:$Y,$B8,LIBERACION!$B:$B,C$6) -> 36035 | D8: =SUMIFS(LIBERACION!$V:$V,LIBERACION!$Y:$Y,$B8,LIBERACION!$B:$B,D$6) -> 0 | E8: =SUMIFS(LIBERACION!$V:$V,LIBERACION!$Y:$Y,$B8,LIBERACION!$B:$B,E$6) -> 26350 | F8: =SUM(C8:E8) -> 62385 | G8: FABRICACION DE FLEX 12 MULTI COL:BLANCO 60000 MTRS; VERDE 15000 MTRS(TOKIO)
B9: 46204 | C9: =SUMIFS(LIBERACION!$V:$V,LIBERACION!$Y:$Y,$B9,LIBERACION!$B:$B,C$6) -> 43225 | D9: =SUMIFS(LIBERACION!$V:$V,LIBERACION!$Y:$Y,$B9,LIBERACION!$B:$B,D$6) -> 0 | E9: =SUMIFS(LIBERACION!$V:$V,LIBERACION!$Y:$Y,$B9,LIBERACION!$B:$B,E$6) -> 34025 | F9: =SUM(C9:E9) -> 77250 | G9: FABRICACION DE FLEX 12 MULTI COL:NEGRO 60000 MTRS; VERDE 15000 MTRS(TOKIO)
B10: 46205 | C10: =SUMIFS(LIBERACION!$V:$V,LIBERACION!$Y:$Y,$B10,LIBERACION!$B:$B,C$6) -> 60275 | D10: =SUMIFS(LIBERACION!$V:$V,LIBERACION!$Y:$Y,$B10,LIBERACION!$B:$B,D$6) -> 0 | E10: =SUMIFS(LIBERACION!$V:$V,LIBERACION!$Y:$Y,$B10,LIBERACION!$B:$B,E$6) -> 40100 | F10: =SUM(C10:E10) -> 100375
B11: 46206 | C11: 58225 | D11: 0 | E11: 61300 | F11: 119525
E12: TOTAL | F12: =SUM( F7:F11 ) -> 465235
B16: REPORTE LIBERACIÓN PORCENTUAL %
B17: FECHA | C17: TURNO | F17: PORCENTAJE POR DIA
C18: MAÑANA | D18: TARDE | E18: NOCHE
C19: M | D19: T | E19: N
B20: =B7 -> 46202 | C20: =((C7*100)/500000)/100 -> 0.1532 | D20: =((D7*100)/500000)/100 -> 0 | E20: =((E7*100)/500000)/100 -> 0.0582 | F20: =SUM(C20:E20) -> 0.2114
B21: =B8 -> 46203 | C21: =((C8*100)/500000)/100 -> 0.07207 | D21: =((D8*100)/500000)/100 -> 0 | E21: =((E8*100)/500000)/100 -> 0.0527 | F21: =SUM(C21:E21) -> 0.12477
B22: =B9 -> 46204 | C22: =((C9*100)/500000)/100 -> 0.08645 | D22: =((D9*100)/500000)/100 -> 0 | E22: =((E9*100)/500000)/100 -> 0.06805 | F22: =SUM(C22:E22) -> 0.1545
B23: =B10 -> 46205 | C23: =((C10*100)/500000)/100 -> 0.12055 | D23: =((D10*100)/500000)/100 -> 0 | E23: =((E10*100)/500000)/100 -> 0.0802 | F23: =SUM(C23:E23) -> 0.20075
B24: =B11 -> 46206 | C24: =((C11*100)/500000)/100 -> 0.11645 | D24: =((D11*100)/500000)/100 -> 0 | E24: =((E11*100)/500000)/100 -> 0.1226 | F24: =SUM(C24:E24) -> 0.23905
E25: TOTAL % | F25: =SUM(F20:F24) -> 0.93047
